{
  "name": "amazonreviews", 
  "children": [
    {
      "name": "topic 1", 
      "children": [
        {
          "name": "work", 
          "size": 32
        }, 
        {
          "name": "unlocked", 
          "size": 29
        }, 
        {
          "name": "sim", 
          "size": 29
        }, 
        {
          "name": "cdma", 
          "size": 22
        }, 
        {
          "name": "warehouse", 
          "size": 20
        }, 
        {
          "name": "device", 
          "size": 20
        }, 
        {
          "name": "misleading", 
          "size": 20
        }, 
        {
          "name": "buttons", 
          "size": 20
        }, 
        {
          "name": "love", 
          "size": 20
        }, 
        {
          "name": "venezuela", 
          "size": 18
        }
      ]
    }, 
    {
      "name": "topic 2", 
      "children": [
        {
          "name": "button", 
          "size": 50
        }, 
        {
          "name": "new", 
          "size": 32
        }, 
        {
          "name": "home", 
          "size": 23
        }, 
        {
          "name": "power", 
          "size": 21
        }, 
        {
          "name": "broken", 
          "size": 20
        }, 
        {
          "name": "advertised", 
          "size": 16
        }, 
        {
          "name": "back", 
          "size": 15
        }, 
        {
          "name": "working", 
          "size": 15
        }, 
        {
          "name": "use", 
          "size": 15
        }, 
        {
          "name": "first", 
          "size": 14
        }
      ]
    }, 
    {
      "name": "topic 3", 
      "children": [
        {
          "name": "bought", 
          "size": 20
        }, 
        {
          "name": "sent", 
          "size": 19
        }, 
        {
          "name": "buy", 
          "size": 18
        }, 
        {
          "name": "back", 
          "size": 18
        }, 
        {
          "name": "store", 
          "size": 16
        }, 
        {
          "name": "see", 
          "size": 13
        }, 
        {
          "name": "product", 
          "size": 13
        }, 
        {
          "name": "mail", 
          "size": 13
        }, 
        {
          "name": "experience", 
          "size": 12
        }, 
        {
          "name": "full", 
          "size": 12
        }
      ]
    }, 
    {
      "name": "topic 4", 
      "children": [
        {
          "name": "like", 
          "size": 31
        }, 
        {
          "name": "told", 
          "size": 23
        }, 
        {
          "name": "sim", 
          "size": 22
        }, 
        {
          "name": "anything", 
          "size": 20
        }, 
        {
          "name": "hate", 
          "size": 20
        }, 
        {
          "name": "store", 
          "size": 19
        }, 
        {
          "name": "went", 
          "size": 17
        }, 
        {
          "name": "recieve", 
          "size": 13
        }, 
        {
          "name": "send", 
          "size": 13
        }, 
        {
          "name": "reviewed", 
          "size": 12
        }
      ]
    }, 
    {
      "name": "topic 5", 
      "children": [
        {
          "name": "would", 
          "size": 30
        }, 
        {
          "name": "used", 
          "size": 30
        }, 
        {
          "name": "one", 
          "size": 27
        }, 
        {
          "name": "two", 
          "size": 22
        }, 
        {
          "name": "stolen", 
          "size": 21
        }, 
        {
          "name": "sim", 
          "size": 21
        }, 
        {
          "name": "new", 
          "size": 21
        }, 
        {
          "name": "paid", 
          "size": 19
        }, 
        {
          "name": "use", 
          "size": 15
        }, 
        {
          "name": "got", 
          "size": 15
        }
      ]
    }, 
    {
      "name": "topic 6", 
      "children": [
        {
          "name": "buy", 
          "size": 29
        }, 
        {
          "name": "screen", 
          "size": 23
        }, 
        {
          "name": "case", 
          "size": 23
        }, 
        {
          "name": "free", 
          "size": 23
        }, 
        {
          "name": "thought", 
          "size": 21
        }, 
        {
          "name": "get", 
          "size": 20
        }, 
        {
          "name": "works", 
          "size": 17
        }, 
        {
          "name": "site", 
          "size": 16
        }, 
        {
          "name": "well", 
          "size": 16
        }, 
        {
          "name": "money", 
          "size": 15
        }
      ]
    }, 
    {
      "name": "topic 7", 
      "children": [
        {
          "name": "get", 
          "size": 27
        }, 
        {
          "name": "one", 
          "size": 22
        }, 
        {
          "name": "tried", 
          "size": 21
        }, 
        {
          "name": "buy", 
          "size": 21
        }, 
        {
          "name": "sim", 
          "size": 16
        }, 
        {
          "name": "months", 
          "size": 16
        }, 
        {
          "name": "working", 
          "size": 14
        }, 
        {
          "name": "never", 
          "size": 14
        }, 
        {
          "name": "android", 
          "size": 13
        }, 
        {
          "name": "cant", 
          "size": 13
        }
      ]
    }, 
    {
      "name": "topic 8", 
      "children": [
        {
          "name": "buy", 
          "size": 20
        }, 
        {
          "name": "mac", 
          "size": 20
        }, 
        {
          "name": "fix", 
          "size": 19
        }, 
        {
          "name": "someone", 
          "size": 18
        }, 
        {
          "name": "would", 
          "size": 18
        }, 
        {
          "name": "used", 
          "size": 17
        }, 
        {
          "name": "product", 
          "size": 16
        }, 
        {
          "name": "know", 
          "size": 16
        }, 
        {
          "name": "live", 
          "size": 15
        }, 
        {
          "name": "active", 
          "size": 15
        }
      ]
    }, 
    {
      "name": "topic 9", 
      "children": [
        {
          "name": "problems", 
          "size": 30
        }, 
        {
          "name": "new", 
          "size": 23
        }, 
        {
          "name": "problem", 
          "size": 22
        }, 
        {
          "name": "within", 
          "size": 20
        }, 
        {
          "name": "camera", 
          "size": 20
        }, 
        {
          "name": "offered", 
          "size": 17
        }, 
        {
          "name": "even", 
          "size": 13
        }, 
        {
          "name": "people", 
          "size": 13
        }, 
        {
          "name": "completely", 
          "size": 13
        }, 
        {
          "name": "two", 
          "size": 12
        }
      ]
    }, 
    {
      "name": "topic 10", 
      "children": [
        {
          "name": "one", 
          "size": 26
        }, 
        {
          "name": "want", 
          "size": 22
        }, 
        {
          "name": "return", 
          "size": 16
        }, 
        {
          "name": "back", 
          "size": 16
        }, 
        {
          "name": "use", 
          "size": 16
        }, 
        {
          "name": "turn", 
          "size": 15
        }, 
        {
          "name": "droid", 
          "size": 15
        }, 
        {
          "name": "glass", 
          "size": 15
        }, 
        {
          "name": "without", 
          "size": 14
        }, 
        {
          "name": "could", 
          "size": 13
        }
      ]
    }
  ]
}